{
  "custom": {},
  "params": {
    "message": {
      "chatteeId": 32,
      "chatterId": 41,
      "id": 16,
      "msgSource": "chattee",
      "status": "delivered",
      "text": "hey Isabellahey Isabellahey Isabellahey Isabellahey Isabellahey Isabellahey Isabellahey Isabellahey Isabellahey Isabellahey Isabellahey Isabellahey Isabellahey Isabellahey Isabellahey Isabellahey Isabellahey Isabellahey Isabellahey Isabellahey Isabellahey Isabellahey Isabellahey Isabellahey Isabellahey Isabellahey Isabellahey Isabellahey Isabellahey Isabellahey Isabellahey Isabellahey Isabellahey Isabellahey Isabellahey Isabellahey Isabellahey Isabellahey Isabellahey Isabellahey Isabellahey Isabellahey Isabellahey Isabellahey Isabellahey Isabellahey Isabellahey Isabellahey Isabellahey Isabellahey Isabellahey Isabellahey Isabellahey Isabellahey Isabella",
      "timestamp": 1716482361000
    }
  },
  "propConfig": {
    "params.message": {
      "paramDirection": "input",
      "persistent": true
    }
  },
  "props": {
    "defaultSize": {
      "height": 327,
      "width": 710
    }
  },
  "root": {
    "children": [
      {
        "children": [
          {
            "children": [
              {
                "meta": {
                  "name": "Label Text"
                },
                "propConfig": {
                  "props.text": {
                    "binding": {
                      "config": {
                        "path": "view.params.message.text"
                      },
                      "type": "property"
                    }
                  }
                },
                "props": {
                  "style": {
                    "borderBottomLeftRadius": "10px",
                    "borderBottomRightRadius": "10px",
                    "borderTopLeftRadius": "10px",
                    "borderTopRightRadius": "10px",
                    "fontFamily": "Arial",
                    "fontSize": "14px",
                    "padding": "5px"
                  }
                },
                "type": "ia.display.label"
              },
              {
                "children": [
                  {
                    "children": [
                      {
                        "meta": {
                          "name": "Label Timestamp"
                        },
                        "position": {
                          "shrink": 0
                        },
                        "propConfig": {
                          "props.text": {
                            "binding": {
                              "config": {
                                "expression": "dateFormat({view.params.message.timestamp},\"HH:mm\")"
                              },
                              "type": "expr"
                            }
                          }
                        },
                        "props": {
                          "style": {
                            "color": "#D5D5D5",
                            "fontSize": "10px",
                            "margin": "5px"
                          }
                        },
                        "type": "ia.display.label"
                      },
                      {
                        "meta": {
                          "name": "Icon"
                        },
                        "position": {
                          "basis": "15px",
                          "shrink": 0
                        },
                        "propConfig": {
                          "position.display": {
                            "binding": {
                              "config": {
                                "expression": "if({view.params.message.msgSource}\u003d\"chatter\", true, false)"
                              },
                              "type": "expr"
                            }
                          },
                          "props.color": {
                            "binding": {
                              "config": {
                                "expression": "if({view.params.message.status}\u003d\"read\",\"#3096f7\", \"#D5D5D5\")"
                              },
                              "type": "expr"
                            }
                          },
                          "props.path": {
                            "binding": {
                              "config": {
                                "expression": "if({view.params.message.status}\u003d\"sent\",\"material/check\", \"material/done_all\")"
                              },
                              "type": "expr"
                            }
                          }
                        },
                        "type": "ia.display.icon"
                      }
                    ],
                    "meta": {
                      "name": "FlexContainer status"
                    },
                    "position": {
                      "shrink": 0
                    },
                    "props": {
                      "alignContent": "center",
                      "alignItems": "center",
                      "justify": "center",
                      "style": {
                        "overflow": "hidden",
                        "width": "60px"
                      }
                    },
                    "type": "ia.container.flex"
                  }
                ],
                "meta": {
                  "name": "FlexContainer Timestamp Status"
                },
                "position": {
                  "shrink": 0
                },
                "props": {
                  "alignContent": "flex-end",
                  "alignItems": "flex-end",
                  "direction": "column",
                  "justify": "flex-end",
                  "style": {
                    "margin": "5px",
                    "overflow": "hidden"
                  }
                },
                "type": "ia.container.flex"
              }
            ],
            "meta": {
              "name": "FlexContainer Message Text"
            },
            "propConfig": {
              "props.style.backgroundColor": {
                "binding": {
                  "config": {
                    "expression": "if({view.params.message.msgSource}\u003d\u0027chatter\u0027, \"#005046\", \"#596164\")"
                  },
                  "type": "expr"
                }
              }
            },
            "props": {
              "style": {
                "borderBottomLeftRadius": "10px",
                "borderBottomRightRadius": "10px",
                "borderTopLeftRadius": "10px",
                "borderTopRightRadius": "10px",
                "color": "#FFFFFF",
                "margin": "5px",
                "marginBottom": "2px",
                "marginTop": "2px",
                "overflow": "hidden"
              }
            },
            "type": "ia.container.flex"
          }
        ],
        "meta": {
          "name": "FlexContainer Main"
        },
        "position": {
          "basis": "80%"
        },
        "propConfig": {
          "props.justify": {
            "binding": {
              "config": {
                "expression": "if({view.params.message.msgSource}\u003d\"chatter\", \"flex-end\", \"flex-start\")"
              },
              "type": "expr"
            }
          }
        },
        "props": {
          "style": {
            "overflow": "hidden"
          }
        },
        "type": "ia.container.flex"
      }
    ],
    "meta": {
      "name": "root"
    },
    "propConfig": {
      "props.justify": {
        "binding": {
          "config": {
            "expression": "if({view.params.message.msgSource}\u003d\"chatter\", \"flex-end\", \"flex-start\")"
          },
          "type": "expr"
        }
      }
    },
    "props": {
      "style": {
        "overflow": "hidden",
        "width": "100%"
      }
    },
    "type": "ia.container.flex"
  }
}