{
  "custom": {},
  "params": {
    "chatterId": 72,
    "selected": false,
    "user": {
      "chat_id": 64,
      "first_name": "John",
      "gender": "male",
      "id": 23,
      "last_name": "Doe",
      "pinned": 1,
      "username": "jdoe1"
    }
  },
  "propConfig": {
    "custom.lastMessage": {
      "binding": {
        "config": {
          "parameters": {
            "recipient_user_id": "{view.params.chatterId}",
            "user_id": "{view.params.user.id}"
          },
          "polling": {
            "enabled": true,
            "rate": "0.5"
          },
          "queryPath": "Get Last Message",
          "returnFormat": "json"
        },
        "type": "query"
      },
      "persistent": false
    },
    "custom.lastMessageText": {
      "binding": {
        "config": {
          "expression": "if(len({view.custom.lastMessage})\u003e0, {view.custom.lastMessage[0].text},\"\")"
        },
        "type": "expr"
      },
      "persistent": false
    },
    "custom.lastMessageTimestamp": {
      "binding": {
        "config": {
          "expression": "if(len({view.custom.lastMessage})\u003e0, dateFormat(fromMillis({view.custom.lastMessage[0].timestamp}),\"HH:mm\"),\"\")"
        },
        "type": "expr"
      },
      "persistent": false
    },
    "custom.onHover": {
      "binding": {
        "config": {
          "expression": "false"
        },
        "type": "expr"
      },
      "persistent": false
    },
    "custom.selected": {
      "binding": {
        "config": {
          "path": "view.params.selected"
        },
        "type": "property"
      },
      "persistent": false
    },
    "custom.showContextMenuButton": {
      "binding": {
        "config": {
          "expression": "false"
        },
        "type": "expr"
      },
      "persistent": false
    },
    "custom.unreadMessagesCounter": {
      "binding": {
        "config": {
          "parameters": {
            "recipient_user_id": "{view.params.chatterId}",
            "user_id": "{view.params.user.id}"
          },
          "polling": {
            "enabled": true,
            "rate": "0.5"
          },
          "queryPath": "Get Unread Messages Counter For User Id",
          "returnFormat": "scalar"
        },
        "type": "query"
      },
      "persistent": false
    },
    "custom.userTyping": {
      "binding": {
        "config": {
          "enableValueCache": false,
          "parameters": {
            "chat_id": "{view.params.user.chat_id}",
            "user_id": "{view.params.user.id}"
          },
          "polling": {
            "enabled": true,
            "rate": "1"
          },
          "queryPath": "Get User Typing",
          "returnFormat": "scalar"
        },
        "type": "query"
      },
      "persistent": false
    },
    "params.chatterId": {
      "paramDirection": "input",
      "persistent": true
    },
    "params.selected": {
      "paramDirection": "input",
      "persistent": true
    },
    "params.user": {
      "paramDirection": "input",
      "persistent": true
    }
  },
  "props": {
    "defaultSize": {
      "height": 68,
      "width": 500
    }
  },
  "root": {
    "children": [
      {
        "children": [
          {
            "events": {
              "dom": {
                "onClick": {
                  "config": {
                    "script": "\tsystem.perspective.sendMessage(\"UserInChatListSelected\", {\"user_id\":self.view.params.user.id, \"chat_id\":self.view.params.user.chat_id})\n\tself.view.custom.selected \u003d True"
                  },
                  "scope": "G",
                  "type": "script"
                }
              }
            },
            "meta": {
              "name": "Image"
            },
            "position": {
              "shrink": 0
            },
            "propConfig": {
              "props.source": {
                "binding": {
                  "config": {
                    "expression": "if({view.params.user.gender}\u003d\u0027male\u0027, \n\nif({view.params.user.username}\u003d\u0027ibra\u0027, \"/system/images/users_profile_photos/ibra.jpg\",\u0027/system/images/Builtin/icons/32/businessman2.png\u0027),\n\n\n if({view.params.user.username}\u003d\u0027denada\u0027,\"/system/images/users_profile_photos/denada.JPG\",\u0027/system/images/Builtin/icons/32/user3.png\u0027))\n\n"
                  },
                  "type": "expr"
                }
              }
            },
            "props": {
              "fit": {
                "height": 30,
                "mode": "fill",
                "width": 30
              },
              "style": {
                "borderColor": "#D5D5D5",
                "borderRadius": "50%",
                "cursor": "pointer",
                "margin": "5px"
              }
            },
            "type": "ia.display.image"
          },
          {
            "children": [
              {
                "meta": {
                  "name": "Label Username"
                },
                "propConfig": {
                  "props.text": {
                    "binding": {
                      "config": {
                        "expression": "{view.params.user.first_name} +\u0027 \u0027 + {view.params.user.last_name}"
                      },
                      "type": "expr"
                    }
                  }
                },
                "props": {
                  "style": {
                    "color": "#D5D5D5",
                    "fontFamily": "Arial",
                    "fontSize": "14px",
                    "fontWeight": "bold"
                  }
                },
                "type": "ia.display.label"
              },
              {
                "meta": {
                  "name": "Label Last Message Typing"
                },
                "propConfig": {
                  "props.style.fontStyle": {
                    "binding": {
                      "config": {
                        "expression": "if({view.custom.userTyping} !\u003dnull \u0026\u0026 {view.custom.userTyping},\"italic\",\"normal\")"
                      },
                      "type": "expr"
                    }
                  },
                  "props.text": {
                    "binding": {
                      "config": {
                        "expression": "if({view.custom.userTyping} !\u003dnull \u0026\u0026 {view.custom.userTyping}, \"typing...\", {view.custom.lastMessageText})"
                      },
                      "type": "expr"
                    }
                  }
                },
                "props": {
                  "style": {
                    "color": "#AAAAAA",
                    "fontFamily": "Arial",
                    "fontSize": "12px",
                    "overflow": "hidden",
                    "textOverflow": "ellipsis",
                    "whiteSpace": "nowrap"
                  },
                  "textStyle": {
                    "overflow": "hidden",
                    "textOverflow": "ellipsis",
                    "whiteSpace": "nowrap"
                  }
                },
                "type": "ia.display.label"
              }
            ],
            "events": {
              "dom": {
                "onClick": {
                  "config": {
                    "script": "\tsystem.perspective.sendMessage(\"UserInChatListSelected\", {\"user_id\":self.view.params.user.id, \"chat_id\":self.view.params.user.chat_id})\n\tself.view.custom.selected \u003d True"
                  },
                  "scope": "G",
                  "type": "script"
                }
              }
            },
            "meta": {
              "name": "FlexContainer Username LastMsg"
            },
            "position": {
              "basis": "60%",
              "grow": 1
            },
            "props": {
              "direction": "column",
              "style": {
                "cursor": "pointer",
                "margin": "5px",
                "overflow": "hidden"
              }
            },
            "type": "ia.container.flex"
          },
          {
            "children": [
              {
                "meta": {
                  "name": "Label Timestamp"
                },
                "position": {
                  "basis": "15px",
                  "shrink": 0
                },
                "propConfig": {
                  "props.style.color": {
                    "binding": {
                      "config": {
                        "expression": "if({view.custom.unreadMessagesCounter}\u003e0, \"#00FF00\",\"#AAAAAA\")"
                      },
                      "type": "expr"
                    }
                  },
                  "props.text": {
                    "binding": {
                      "config": {
                        "path": "view.custom.lastMessageTimestamp"
                      },
                      "type": "property"
                    }
                  }
                },
                "props": {
                  "style": {
                    "fontFamily": "Arial",
                    "fontSize": "12px",
                    "margin": "3px"
                  }
                },
                "type": "ia.display.label"
              },
              {
                "meta": {
                  "name": "Label Unread Messages Counter"
                },
                "position": {
                  "basis": "20px",
                  "shrink": 0
                },
                "propConfig": {
                  "position.display": {
                    "binding": {
                      "config": {
                        "expression": "if({view.custom.unreadMessagesCounter}\u003e0, true, false)"
                      },
                      "type": "expr"
                    }
                  },
                  "props.text": {
                    "binding": {
                      "config": {
                        "expression": "if({view.custom.unreadMessagesCounter}\u003e10, \u0027+10\u0027,{view.custom.unreadMessagesCounter})"
                      },
                      "type": "expr"
                    }
                  }
                },
                "props": {
                  "style": {
                    "backgroundColor": "#00FF00",
                    "borderBottomLeftRadius": "50%",
                    "borderBottomRightRadius": "50%",
                    "borderTopLeftRadius": "50%",
                    "borderTopRightRadius": "50%",
                    "color": "#000000",
                    "fontSize": "10px",
                    "fontWeight": "bold",
                    "margin": "3px",
                    "textAlign": "center",
                    "width": "20px"
                  }
                },
                "type": "ia.display.label"
              }
            ],
            "meta": {
              "name": "FlexContainer Timestamp"
            },
            "position": {
              "basis": "20%",
              "shrink": 0
            },
            "props": {
              "alignItems": "center",
              "direction": "column",
              "style": {
                "margin": "5px",
                "overflow": "hidden"
              }
            },
            "type": "ia.container.flex"
          },
          {
            "children": [
              {
                "events": {
                  "dom": {
                    "onClick": {
                      "config": {
                        "draggable": false,
                        "id": "ContextMenuUserInChatsList",
                        "modal": true,
                        "overlayDismiss": true,
                        "position": {
                          "height": 106,
                          "relativeLocation": "bottom-left",
                          "width": 120
                        },
                        "positionType": "relative",
                        "resizable": false,
                        "showCloseIcon": false,
                        "type": "open",
                        "viewParams": {
                          "chatterId": "{view.params.chatterId}",
                          "user": "{view.params.user}"
                        },
                        "viewPath": "chatApp/Context Menu User In Chat List",
                        "viewportBound": false
                      },
                      "scope": "C",
                      "type": "popup"
                    }
                  }
                },
                "meta": {
                  "name": "Icon Context Menu"
                },
                "position": {
                  "basis": "15px",
                  "shrink": 0
                },
                "propConfig": {
                  "position.display": {
                    "binding": {
                      "config": {
                        "expression": "if({view.custom.selected} || {view.custom.showContextMenuButton}, true, false)"
                      },
                      "type": "expr"
                    }
                  }
                },
                "props": {
                  "color": "#000000",
                  "path": "material/keyboard_arrow_down",
                  "style": {
                    "backgroundColor": "#AAAAAA",
                    "borderBottomLeftRadius": "5px",
                    "borderBottomRightRadius": "5px",
                    "borderTopLeftRadius": "5px",
                    "borderTopRightRadius": "5px",
                    "cursor": "pointer",
                    "height": "15px",
                    "margin": "3px",
                    "marginBottom": "3px"
                  }
                },
                "type": "ia.display.icon"
              },
              {
                "events": {
                  "dom": {
                    "onClick": {
                      "config": {
                        "draggable": true,
                        "id": "Zrtf7a5U",
                        "modal": false,
                        "overlayDismiss": false,
                        "resizable": true,
                        "showCloseIcon": true,
                        "type": "open",
                        "viewPath": "",
                        "viewportBound": false
                      },
                      "scope": "C",
                      "type": "popup"
                    }
                  }
                },
                "meta": {
                  "name": "Icon Pinned"
                },
                "position": {
                  "basis": "15px",
                  "shrink": 0
                },
                "propConfig": {
                  "position.display": {
                    "binding": {
                      "config": {
                        "expression": "if({view.params.user.pinned}\u003d1, true, false)"
                      },
                      "type": "expr"
                    }
                  }
                },
                "props": {
                  "color": "#AAAAAA",
                  "path": "material/push_pin",
                  "style": {
                    "borderBottomLeftRadius": "5px",
                    "borderBottomRightRadius": "5px",
                    "borderTopLeftRadius": "5px",
                    "borderTopRightRadius": "5px",
                    "height": "15px",
                    "margin": "3px",
                    "marginBottom": "3px",
                    "transform": "rotate(45deg)"
                  }
                },
                "type": "ia.display.icon"
              }
            ],
            "meta": {
              "name": "FlexContainer Options"
            },
            "position": {
              "shrink": 0
            },
            "propConfig": {
              "position.display": {
                "binding": {
                  "config": {
                    "expression": "if({view.custom.selected} \u003d true || {view.params.user.pinned}\u003d1 || {view.custom.showContextMenuButton}, true, false)"
                  },
                  "type": "expr"
                }
              }
            },
            "props": {
              "alignItems": "center",
              "direction": "column",
              "style": {
                "margin": "5px",
                "overflow": "hidden"
              }
            },
            "type": "ia.container.flex"
          }
        ],
        "meta": {
          "name": "FlexContainer"
        },
        "position": {
          "basis": "100%"
        },
        "props": {
          "style": {
            "overflow": "hidden"
          }
        },
        "type": "ia.container.flex"
      }
    ],
    "events": {
      "dom": {
        "onClick": {
          "config": {
            "script": "\t\n\tsystem.perspective.sendMessage(\"UserInChatListSelected\", {\"user_id\":self.view.params.user.id, \"chat_id\":self.view.params.user.chat_id})\n\tself.view.custom.selected \u003d True"
          },
          "enabled": false,
          "scope": "G",
          "type": "script"
        },
        "onContextMenu": [
          {
            "config": {
              "draggable": false,
              "id": "lsNefbUx",
              "modal": true,
              "overlayDismiss": true,
              "position": {
                "height": 600,
                "relativeLocation": "bottom-right",
                "width": 300
              },
              "positionType": "relative",
              "resizable": true,
              "showCloseIcon": false,
              "type": "open",
              "viewParams": {
                "userID": "{view.params.chatterId}"
              },
              "viewPath": "chatApp/Start New Chat",
              "viewportBound": true
            },
            "enabled": false,
            "preventDefault": true,
            "scope": "C",
            "type": "popup"
          },
          {
            "config": {
              "script": "\tself.view.custom.selected \u003d True\n\tsystem.perspective.sendMessage(\"UserInChatListSelected\", {\"user_id\":self.view.params.user.id})"
            },
            "enabled": false,
            "scope": "G",
            "type": "script"
          }
        ],
        "onMouseEnter": {
          "config": {
            "script": "\tself.view.custom.showContextMenuButton \u003d True"
          },
          "scope": "G",
          "type": "script"
        },
        "onMouseLeave": {
          "config": {
            "script": "\tself.view.custom.showContextMenuButton \u003d False"
          },
          "scope": "G",
          "type": "script"
        },
        "onPointerEnter": {
          "config": {
            "script": "\tself.view.custom.showContextMenuButton \u003d True"
          },
          "scope": "G",
          "type": "script"
        },
        "onPointerLeave": {
          "config": {
            "script": "\tself.view.custom.showContextMenuButton \u003d False"
          },
          "scope": "G",
          "type": "script"
        }
      }
    },
    "meta": {
      "name": "root"
    },
    "propConfig": {
      "props.style.backgroundColor": {
        "binding": {
          "config": {
            "expression": "if({view.custom.selected},\u0027#303030\u0027, \u0027\u0027)"
          },
          "type": "expr"
        }
      }
    },
    "props": {
      "direction": "column",
      "style": {
        "borderBottomLeftRadius": "10px",
        "borderBottomRightRadius": "10px",
        "borderColor": "#D5D5D5",
        "borderTopLeftRadius": "10px",
        "borderTopRightRadius": "10px",
        "margin": "5px",
        "overflow": "hidden"
      }
    },
    "scripts": {
      "customMethods": [],
      "extensionFunctions": null,
      "messageHandlers": [
        {
          "messageType": "refreshUserInChatSelection",
          "pageScope": true,
          "script": "\t# implement your handler here\n\t\n\tuserId \u003d payload[\"user_id\"]\n\t\n\tif userId \u003d\u003d self.view.params.user.id:\n\t\tself.view.custom.selected \u003d True\n\telse:\n\t\tself.view.custom.selected \u003d False\n",
          "sessionScope": false,
          "viewScope": false
        }
      ]
    },
    "type": "ia.container.flex"
  }
}